id,variant,frames,valid_frames,unknown_frames,anomaly_frames,auroc,ap,fpr,recall,threshold,events,detected_events,event_coverage,detected_event_delays_source_frames
R03/testing/01,pooled,720,720,0,720,,1.0,,0.08611111111111111,5.5254529391317835,1,1,1.0,[470]
R03/testing/01,appearance,720,720,0,720,,1.0,,0.09444444444444444,5.5254529391317835,1,1,1.0,[442]
R03/testing/01,cycle_conditioned,720,720,0,720,,1.0,,0.09444444444444444,5.5254529391317835,1,1,1.0,[442]
R03/testing/01,appearance_process,720,720,0,720,,1.0,,0.08055555555555556,5.813135011583565,1,1,1.0,[450]
R03/testing/01,full,720,720,0,720,,1.0,,0.08055555555555556,5.813135011583565,1,1,1.0,[450]
R03/testing/02,pooled,676,676,0,676,,1.0,,0.21005917159763313,5.5254529391317835,1,1,1.0,[456]
R03/testing/02,appearance,676,676,0,676,,1.0,,0.21597633136094674,5.5254529391317835,1,1,1.0,[432]
R03/testing/02,cycle_conditioned,676,676,0,676,,1.0,,0.21597633136094674,5.5254529391317835,1,1,1.0,[432]
R03/testing/02,appearance_process,676,676,0,676,,1.0,,0.17751479289940827,5.813135011583565,1,1,1.0,[432]
R03/testing/02,full,676,676,0,676,,1.0,,0.17751479289940827,5.813135011583565,1,1,1.0,[432]
R03/testing/03,pooled,674,674,0,674,,0.9999999999999998,,0.13649851632047477,5.5254529391317835,1,1,1.0,[452]
R03/testing/03,appearance,674,674,0,674,,1.0,,0.1394658753709199,5.5254529391317835,1,1,1.0,[416]
R03/testing/03,cycle_conditioned,674,674,0,674,,1.0,,0.1394658753709199,5.5254529391317835,1,1,1.0,[416]
R03/testing/03,appearance_process,674,674,0,674,,1.0,,0.09792284866468842,5.813135011583565,1,1,1.0,[416]
R03/testing/03,full,674,674,0,674,,1.0,,0.09792284866468842,5.813135011583565,1,1,1.0,[416]
R03/testing/04,pooled,683,683,0,683,,1.0,,0.08638360175695461,5.5254529391317835,1,1,1.0,[452]
R03/testing/04,appearance,683,683,0,683,,1.0000000000000002,,0.10102489019033675,5.5254529391317835,1,1,1.0,[438]
R03/testing/04,cycle_conditioned,683,683,0,683,,1.0000000000000002,,0.10102489019033675,5.5254529391317835,1,1,1.0,[438]
R03/testing/04,appearance_process,683,683,0,683,,1.0000000000000002,,0.10395314787701318,5.813135011583565,1,1,1.0,[344]
R03/testing/04,full,683,683,0,683,,1.0000000000000002,,0.10395314787701318,5.813135011583565,1,1,1.0,[344]
R03/testing/05,pooled,574,574,0,59,0.694372223136416,0.1920451651122268,0.062135922330097085,0.1016949152542373,5.5254529391317835,1,1,1.0,[22]
R03/testing/05,appearance,574,574,0,59,0.694372223136416,0.1920451651122268,0.062135922330097085,0.1016949152542373,5.5254529391317835,1,1,1.0,[22]
R03/testing/05,cycle_conditioned,574,574,0,59,0.694372223136416,0.1920451651122268,0.062135922330097085,0.1016949152542373,5.5254529391317835,1,1,1.0,[22]
R03/testing/05,appearance_process,574,574,0,59,0.7790521638966595,0.45860592816470847,0.04660194174757282,0.3050847457627119,5.813135011583565,1,1,1.0,[22]
R03/testing/05,full,574,574,0,59,0.7790521638966595,0.45860592816470847,0.04660194174757282,0.3050847457627119,5.813135011583565,1,1,1.0,[22]
R03/testing/06,pooled,582,582,0,451,0.9480628289974781,0.9862775319340464,0.0,0.08425720620842572,5.5254529391317835,1,1,1.0,[203]
R03/testing/06,appearance,582,582,0,451,0.9480628289974781,0.9862775319340464,0.0,0.08425720620842572,5.5254529391317835,1,1,1.0,[203]
R03/testing/06,cycle_conditioned,582,582,0,451,0.9480628289974781,0.9862775319340464,0.0,0.08425720620842572,5.5254529391317835,1,1,1.0,[203]
R03/testing/06,appearance_process,582,582,0,451,0.9565257866319121,0.9832420699868143,0.0,0.11086474501108648,5.813135011583565,1,1,1.0,[207]
R03/testing/06,full,582,582,0,451,0.9565257866319121,0.9832420699868143,0.0,0.11086474501108648,5.813135011583565,1,1,1.0,[207]
R03/testing/07,pooled,686,686,0,417,0.9920524546905226,0.9942431550914088,0.0,0.07194244604316546,5.5254529391317835,1,1,1.0,[387]
R03/testing/07,appearance,686,686,0,417,0.9920524546905226,0.9942431550914088,0.0,0.07194244604316546,5.5254529391317835,1,1,1.0,[387]
R03/testing/07,cycle_conditioned,686,686,0,417,0.9920524546905226,0.9942431550914088,0.0,0.07194244604316546,5.5254529391317835,1,1,1.0,[387]
R03/testing/07,appearance_process,686,686,0,417,0.9881923457516515,0.9862819427117357,0.0,0.10071942446043165,5.813135011583565,1,1,1.0,[183]
R03/testing/07,full,686,686,0,417,0.9881923457516515,0.9862819427117357,0.0,0.10071942446043165,5.813135011583565,1,1,1.0,[183]
R03/testing/08,pooled,695,695,0,405,0.7640911025968498,0.7252592409983568,0.006896551724137931,0.0,5.5254529391317835,1,0,0.0,[]
R03/testing/08,appearance,695,695,0,405,0.7666709237973606,0.7312238035470348,0.006896551724137931,0.009876543209876543,5.5254529391317835,1,1,1.0,[204]
R03/testing/08,cycle_conditioned,695,695,0,405,0.7666709237973606,0.7312238035470348,0.006896551724137931,0.009876543209876543,5.5254529391317835,1,1,1.0,[204]
R03/testing/08,appearance_process,695,695,0,405,0.759953171562367,0.7263737220573881,0.0,0.0049382716049382715,5.813135011583565,1,1,1.0,[204]
R03/testing/08,full,695,695,0,405,0.759953171562367,0.7263737220573881,0.0,0.0049382716049382715,5.813135011583565,1,1,1.0,[204]
R03/testing/09,pooled,712,712,0,92,0.4723702664796634,0.12634113482223902,0.0,0.0,5.5254529391317835,1,0,0.0,[]
R03/testing/09,appearance,712,712,0,92,0.47166900420757363,0.12632343372490135,0.0032258064516129032,0.0,5.5254529391317835,1,0,0.0,[]
R03/testing/09,cycle_conditioned,712,712,0,92,0.47166900420757363,0.12632343372490135,0.0032258064516129032,0.0,5.5254529391317835,1,0,0.0,[]
R03/testing/09,appearance_process,712,712,0,92,0.4684431977559607,0.12571204436824446,0.0032258064516129032,0.0,5.813135011583565,1,0,0.0,[]
R03/testing/09,full,712,712,0,92,0.4684431977559607,0.12571204436824446,0.0032258064516129032,0.0,5.813135011583565,1,0,0.0,[]
R03/testing/10,pooled,647,647,0,202,0.9733841361664256,0.9550437543810864,0.0,0.5594059405940595,5.5254529391317835,1,1,1.0,[89]
R03/testing/10,appearance,647,647,0,202,0.9533151629769719,0.8882389126493844,0.02247191011235955,0.5594059405940595,5.5254529391317835,1,1,1.0,[89]
R03/testing/10,cycle_conditioned,647,647,0,202,0.9533151629769719,0.8882389126493844,0.02247191011235955,0.5594059405940595,5.5254529391317835,1,1,1.0,[89]
R03/testing/10,appearance_process,647,647,0,202,0.9245355434419846,0.7972443386605468,0.0449438202247191,0.4504950495049505,5.813135011583565,1,1,1.0,[97]
R03/testing/10,full,647,647,0,202,0.9245355434419846,0.7972443386605468,0.0449438202247191,0.4504950495049505,5.813135011583565,1,1,1.0,[97]
R03/testing/11,pooled,706,706,0,216,0.9720521541950113,0.9047346109689576,0.0,0.18518518518518517,5.5254529391317835,1,1,1.0,[176]
R03/testing/11,appearance,706,706,0,216,0.9590513983371126,0.8728986427515841,0.00816326530612245,0.18518518518518517,5.5254529391317835,1,1,1.0,[176]
R03/testing/11,cycle_conditioned,706,706,0,216,0.9590513983371126,0.8728986427515841,0.00816326530612245,0.18518518518518517,5.5254529391317835,1,1,1.0,[176]
R03/testing/11,appearance_process,706,706,0,216,0.9557256235827665,0.865060113420348,0.00816326530612245,0.18518518518518517,5.813135011583565,1,1,1.0,[176]
R03/testing/11,full,706,706,0,216,0.9557256235827665,0.865060113420348,0.00816326530612245,0.18518518518518517,5.813135011583565,1,1,1.0,[176]
R03/testing/12,pooled,841,841,0,171,0.3542070350004364,0.16388008270401763,0.026865671641791045,0.0,5.5254529391317835,2,0,0.0,[]
R03/testing/12,appearance,841,841,0,171,0.35157109190887664,0.16363448433342911,0.04776119402985075,0.0,5.5254529391317835,2,0,0.0,[]
R03/testing/12,cycle_conditioned,841,841,0,171,0.35157109190887664,0.16363448433342911,0.04776119402985075,0.0,5.5254529391317835,2,0,0.0,[]
R03/testing/12,appearance_process,841,841,0,171,0.3666797590992406,0.1657709503680932,0.03283582089552239,0.0,5.813135011583565,2,0,0.0,[]
R03/testing/12,full,841,841,0,171,0.3666797590992406,0.1657709503680932,0.03283582089552239,0.0,5.813135011583565,2,0,0.0,[]
R03/testing/13,pooled,766,766,0,102,0.7640857547838412,0.2496189303004841,0.009036144578313253,0.0,5.5254529391317835,1,0,0.0,[]
R03/testing/13,appearance,766,766,0,102,0.77504134183794,0.33929677417401716,0.015060240963855422,0.0784313725490196,5.5254529391317835,1,1,1.0,[14]
R03/testing/13,cycle_conditioned,766,766,0,102,0.77504134183794,0.33929677417401716,0.015060240963855422,0.0784313725490196,5.5254529391317835,1,1,1.0,[14]
R03/testing/13,appearance_process,766,766,0,102,0.7720883534136547,0.3347342268336489,0.009036144578313253,0.0784313725490196,5.813135011583565,1,1,1.0,[14]
R03/testing/13,full,766,766,0,102,0.7720883534136547,0.3347342268336489,0.009036144578313253,0.0784313725490196,5.813135011583565,1,1,1.0,[14]
R03/testing/14,pooled,908,908,0,128,0.6642227564102564,0.19446496562700538,0.03076923076923077,0.0,5.5254529391317835,2,0,0.0,[]
R03/testing/14,appearance,908,908,0,128,0.6560396634615384,0.18933096824660767,0.035897435897435895,0.0,5.5254529391317835,2,0,0.0,[]
R03/testing/14,cycle_conditioned,908,908,0,128,0.6560396634615384,0.18933096824660767,0.035897435897435895,0.0,5.5254529391317835,2,0,0.0,[]
R03/testing/14,appearance_process,908,908,0,128,0.6313000801282052,0.17659558572328488,0.023076923076923078,0.0,5.813135011583565,2,0,0.0,[]
R03/testing/14,full,908,908,0,128,0.6313000801282052,0.17659558572328488,0.023076923076923078,0.0,5.813135011583565,2,0,0.0,[]
R03/testing/15,pooled,692,692,0,72,0.8015232974910395,0.5364139078251623,0.0064516129032258064,0.3888888888888889,5.5254529391317835,1,1,1.0,[44]
R03/testing/15,appearance,692,692,0,72,0.7961917562724014,0.5268060637063403,0.012903225806451613,0.3888888888888889,5.5254529391317835,1,1,1.0,[44]
R03/testing/15,cycle_conditioned,692,692,0,72,0.7961917562724014,0.5268060637063403,0.012903225806451613,0.3888888888888889,5.5254529391317835,1,1,1.0,[44]
R03/testing/15,appearance_process,692,692,0,72,0.7830645161290323,0.5157997802601776,0.00967741935483871,0.3888888888888889,5.813135011583565,1,1,1.0,[44]
R03/testing/15,full,692,692,0,72,0.7830645161290323,0.5157997802601776,0.00967741935483871,0.3888888888888889,5.813135011583565,1,1,1.0,[44]
R03/testing/16,pooled,730,730,0,0,,,0.19452054794520549,,5.5254529391317835,0,0,,[]
R03/testing/16,appearance,730,730,0,0,,,0.20273972602739726,,5.5254529391317835,0,0,,[]
R03/testing/16,cycle_conditioned,730,730,0,0,,,0.20273972602739726,,5.5254529391317835,0,0,,[]
R03/testing/16,appearance_process,730,730,0,0,,,0.15616438356164383,,5.813135011583565,0,0,,[]
R03/testing/16,full,730,730,0,0,,,0.15616438356164383,,5.813135011583565,0,0,,[]
R03/testing/17,pooled,713,713,0,0,,,0.40813464235624125,,5.5254529391317835,0,0,,[]
R03/testing/17,appearance,713,713,0,0,,,0.40813464235624125,,5.5254529391317835,0,0,,[]
R03/testing/17,cycle_conditioned,713,713,0,0,,,0.40813464235624125,,5.5254529391317835,0,0,,[]
R03/testing/17,appearance_process,713,713,0,0,,,0.3997194950911641,,5.813135011583565,0,0,,[]
R03/testing/17,full,713,713,0,0,,,0.3997194950911641,,5.813135011583565,0,0,,[]
